"List","Indexed","Site"
"01","True","https://euteamsites.willistowerswatson.com/sites/EclipseDM201508"
"02","True","https://euteamsites.willistowerswatson.com/sites/EclipseDM201508"
"03","True","https://euteamsites.willistowerswatson.com/sites/EclipseDM201508"
"04","True","https://euteamsites.willistowerswatson.com/sites/EclipseDM201508"
"05","True","https://euteamsites.willistowerswatson.com/sites/EclipseDM201508"
"06","True","https://euteamsites.willistowerswatson.com/sites/EclipseDM201508"
"07","True","https://euteamsites.willistowerswatson.com/sites/EclipseDM201508"
"08","True","https://euteamsites.willistowerswatson.com/sites/EclipseDM201508"
"09","True","https://euteamsites.willistowerswatson.com/sites/EclipseDM201508"
"10","True","https://euteamsites.willistowerswatson.com/sites/EclipseDM201508"
"11","True","https://euteamsites.willistowerswatson.com/sites/EclipseDM201508"
"12","True","https://euteamsites.willistowerswatson.com/sites/EclipseDM201508"
"13","True","https://euteamsites.willistowerswatson.com/sites/EclipseDM201508"
"14","True","https://euteamsites.willistowerswatson.com/sites/EclipseDM201508"
"15","True","https://euteamsites.willistowerswatson.com/sites/EclipseDM201508"
"16","True","https://euteamsites.willistowerswatson.com/sites/EclipseDM201508"
"17","True","https://euteamsites.willistowerswatson.com/sites/EclipseDM201508"
"18","True","https://euteamsites.willistowerswatson.com/sites/EclipseDM201508"
"19","True","https://euteamsites.willistowerswatson.com/sites/EclipseDM201508"
"20","True","https://euteamsites.willistowerswatson.com/sites/EclipseDM201508"
"21","True","https://euteamsites.willistowerswatson.com/sites/EclipseDM201508"
"22","True","https://euteamsites.willistowerswatson.com/sites/EclipseDM201508"
"23","True","https://euteamsites.willistowerswatson.com/sites/EclipseDM201508"
"24","True","https://euteamsites.willistowerswatson.com/sites/EclipseDM201508"
"25","True","https://euteamsites.willistowerswatson.com/sites/EclipseDM201508"
"26","True","https://euteamsites.willistowerswatson.com/sites/EclipseDM201508"
"27","True","https://euteamsites.willistowerswatson.com/sites/EclipseDM201508"
"28","True","https://euteamsites.willistowerswatson.com/sites/EclipseDM201508"
"29","True","https://euteamsites.willistowerswatson.com/sites/EclipseDM201508"
"30","True","https://euteamsites.willistowerswatson.com/sites/EclipseDM201508"
"31","True","https://euteamsites.willistowerswatson.com/sites/EclipseDM201508"
