source,target
http://eclipsedm.willis.com/2018/01,https://euteamsites.willistowerswatson.com/sites/EclipseDM201801
http://eclipsedm.willis.com/2018/02,https://euteamsites.willistowerswatson.com/sites/EclipseDM201802
http://eclipsedm.willis.com/2018/03,https://euteamsites.willistowerswatson.com/sites/EclipseDM201803
http://eclipsedm.willis.com/2018/04,https://euteamsites.willistowerswatson.com/sites/EclipseDM201804
http://eclipsedm.willis.com/2018/05,https://euteamsites.willistowerswatson.com/sites/EclipseDM201805
http://eclipsedm.willis.com/2018/06,https://euteamsites.willistowerswatson.com/sites/EclipseDM201806
http://eclipsedm.willis.com/2018/07,https://euteamsites.willistowerswatson.com/sites/EclipseDM201807
http://eclipsedm.willis.com/2018/08,https://euteamsites.willistowerswatson.com/sites/EclipseDM201808
http://eclipsedm.willis.com/2018/09,https://euteamsites.willistowerswatson.com/sites/EclipseDM201809
http://eclipsedm.willis.com/2018/10,https://euteamsites.willistowerswatson.com/sites/EclipseDM201810
http://eclipsedm.willis.com/2018/11,https://euteamsites.willistowerswatson.com/sites/EclipseDM201811
http://eclipsedm.willis.com/2018/12,https://euteamsites.willistowerswatson.com/sites/EclipseDM201812

