Sourceurl,Targeturl
http://eclipsedm.willis.com/2012/03,https://euteamsites.willistowerswatson.com/Sites/EclipseDM201203
http://eclipsedm.willis.com/2012/04,https://euteamsites.willistowerswatson.com/Sites/EclipseDM201204
http://eclipsedm.willis.com/2012/05,https://euteamsites.willistowerswatson.com/Sites/EclipseDM201205
http://eclipsedm.willis.com/2012/06,https://euteamsites.willistowerswatson.com/Sites/EclipseDM201206
http://eclipsedm.willis.com/2012/07,https://euteamsites.willistowerswatson.com/Sites/EclipseDM201207
http://eclipsedm.willis.com/2012/08,https://euteamsites.willistowerswatson.com/Sites/EclipseDM201208
http://eclipsedm.willis.com/2012/09,https://euteamsites.willistowerswatson.com/Sites/EclipseDM201209
http://eclipsedm.willis.com/2012/10,https://euteamsites.willistowerswatson.com/Sites/EclipseDM201210
http://eclipsedm.willis.com/2012/11,https://euteamsites.willistowerswatson.com/Sites/EclipseDM201211
http://eclipsedm.willis.com/2012/12,https://euteamsites.willistowerswatson.com/Sites/EclipseDM201212
http://eclipsedm.willis.com/2013/01,https://euteamsites.willistowerswatson.com/Sites/EclipseDM201301
http://eclipsedm.willis.com/2013/02,https://euteamsites.willistowerswatson.com/Sites/EclipseDM201302
http://eclipsedm.willis.com/2013/03,https://euteamsites.willistowerswatson.com/Sites/EclipseDM201303
http://eclipsedm.willis.com/2013/04,https://euteamsites.willistowerswatson.com/Sites/EclipseDM201304
http://eclipsedm.willis.com/2013/05,https://euteamsites.willistowerswatson.com/Sites/EclipseDM201305
http://eclipsedm.willis.com/2013/06,https://euteamsites.willistowerswatson.com/Sites/EclipseDM201306
http://eclipsedm.willis.com/2013/07,https://euteamsites.willistowerswatson.com/Sites/EclipseDM201307
http://eclipsedm.willis.com/2013/08,https://euteamsites.willistowerswatson.com/Sites/EclipseDM201308
http://eclipsedm.willis.com/2013/09,https://euteamsites.willistowerswatson.com/Sites/EclipseDM201309
http://eclipsedm.willis.com/2013/10,https://euteamsites.willistowerswatson.com/Sites/EclipseDM201310
http://eclipsedm.willis.com/2013/11,https://euteamsites.willistowerswatson.com/Sites/EclipseDM201311
http://eclipsedm.willis.com/2013/12,https://euteamsites.willistowerswatson.com/Sites/EclipseDM201312
http://eclipsedm.willis.com/2014/01,https://euteamsites.willistowerswatson.com/Sites/EclipseDM201401
http://eclipsedm.willis.com/2014/02,https://euteamsites.willistowerswatson.com/Sites/EclipseDM201402
http://eclipsedm.willis.com/2014/03,https://euteamsites.willistowerswatson.com/Sites/EclipseDM201403
http://eclipsedm.willis.com/2014/04,https://euteamsites.willistowerswatson.com/Sites/EclipseDM201404
http://eclipsedm.willis.com/2014/05,https://euteamsites.willistowerswatson.com/Sites/EclipseDM201405
http://eclipsedm.willis.com/2014/06,https://euteamsites.willistowerswatson.com/Sites/EclipseDM201406
http://eclipsedm.willis.com/2014/07,https://euteamsites.willistowerswatson.com/Sites/EclipseDM201407
http://eclipsedm.willis.com/2014/08,https://euteamsites.willistowerswatson.com/Sites/EclipseDM201408
http://eclipsedm.willis.com/2014/09,https://euteamsites.willistowerswatson.com/Sites/EclipseDM201409
http://eclipsedm.willis.com/2014/10,https://euteamsites.willistowerswatson.com/Sites/EclipseDM201410
http://eclipsedm.willis.com/2014/11,https://euteamsites.willistowerswatson.com/Sites/EclipseDM201411
http://eclipsedm.willis.com/2014/12,https://euteamsites.willistowerswatson.com/Sites/EclipseDM201412
http://eclipsedm.willis.com/2015/01,https://euteamsites.willistowerswatson.com/Sites/EclipseDM201501
http://eclipsedm.willis.com/2015/02,https://euteamsites.willistowerswatson.com/Sites/EclipseDM201502
http://eclipsedm.willis.com/2015/03,https://euteamsites.willistowerswatson.com/Sites/EclipseDM201503
http://eclipsedm.willis.com/2015/04,https://euteamsites.willistowerswatson.com/Sites/EclipseDM201504
http://eclipsedm.willis.com/2015/05,https://euteamsites.willistowerswatson.com/Sites/EclipseDM201505
http://eclipsedm.willis.com/2015/06,https://euteamsites.willistowerswatson.com/Sites/EclipseDM201506
http://eclipsedm.willis.com/2015/07,https://euteamsites.willistowerswatson.com/Sites/EclipseDM201507
http://eclipsedm.willis.com/2015/08,https://euteamsites.willistowerswatson.com/Sites/EclipseDM201508
http://eclipsedm.willis.com/2015/09,https://euteamsites.willistowerswatson.com/Sites/EclipseDM201509
http://eclipsedm.willis.com/2015/10,https://euteamsites.willistowerswatson.com/Sites/EclipseDM201510
http://eclipsedm.willis.com/2015/11,https://euteamsites.willistowerswatson.com/Sites/EclipseDM201511
http://eclipsedm.willis.com/2015/12,https://euteamsites.willistowerswatson.com/Sites/EclipseDM201512
http://eclipsedm.willis.com/2016/01,https://euteamsites.willistowerswatson.com/Sites/EclipseDM201601
http://eclipsedm.willis.com/2016/02,https://euteamsites.willistowerswatson.com/Sites/EclipseDM201602
http://eclipsedm.willis.com/2016/03,https://euteamsites.willistowerswatson.com/Sites/EclipseDM201603
http://eclipsedm.willis.com/2016/04,https://euteamsites.willistowerswatson.com/Sites/EclipseDM201604
http://eclipsedm.willis.com/2016/05,https://euteamsites.willistowerswatson.com/Sites/EclipseDM201605
http://eclipsedm.willis.com/2016/06,https://euteamsites.willistowerswatson.com/Sites/EclipseDM201606
http://eclipsedm.willis.com/2016/07,https://euteamsites.willistowerswatson.com/Sites/EclipseDM201607
http://eclipsedm.willis.com/2016/08,https://euteamsites.willistowerswatson.com/Sites/EclipseDM201608
http://eclipsedm.willis.com/2016/09,https://euteamsites.willistowerswatson.com/Sites/EclipseDM201609
http://eclipsedm.willis.com/2016/10,https://euteamsites.willistowerswatson.com/Sites/EclipseDM201610
http://eclipsedm.willis.com/2016/11,https://euteamsites.willistowerswatson.com/Sites/EclipseDM201611
http://eclipsedm.willis.com/2016/12,https://euteamsites.willistowerswatson.com/Sites/EclipseDM201612
http://eclipsedm.willis.com/2017/01,https://euteamsites.willistowerswatson.com/Sites/EclipseDM201701
http://eclipsedm.willis.com/2017/02,https://euteamsites.willistowerswatson.com/Sites/EclipseDM201702
http://eclipsedm.willis.com/2017/03,https://euteamsites.willistowerswatson.com/Sites/EclipseDM201703
http://eclipsedm.willis.com/2017/04,https://euteamsites.willistowerswatson.com/Sites/EclipseDM201704
http://eclipsedm.willis.com/2017/05,https://euteamsites.willistowerswatson.com/Sites/EclipseDM201705
http://eclipsedm.willis.com/2017/06,https://euteamsites.willistowerswatson.com/Sites/EclipseDM201706
http://eclipsedm.willis.com/2017/07,https://euteamsites.willistowerswatson.com/Sites/EclipseDM201707
http://eclipsedm.willis.com/2017/08,https://euteamsites.willistowerswatson.com/Sites/EclipseDM201708
http://eclipsedm.willis.com/2017/09,https://euteamsites.willistowerswatson.com/Sites/EclipseDM201709
http://eclipsedm.willis.com/2017/10,https://euteamsites.willistowerswatson.com/Sites/EclipseDM201710
http://eclipsedm.willis.com/2017/11,https://euteamsites.willistowerswatson.com/Sites/EclipseDM201711
http://eclipsedm.willis.com/2017/12,https://euteamsites.willistowerswatson.com/Sites/EclipseDM201712
http://eclipsedm.willis.com/2018/01,https://euteamsites.willistowerswatson.com/Sites/EclipseDM201801
http://eclipsedm.willis.com/2018/02,https://euteamsites.willistowerswatson.com/Sites/EclipseDM201802
http://eclipsedm.willis.com/2018/03,https://euteamsites.willistowerswatson.com/Sites/EclipseDM201803
http://eclipsedm.willis.com/2018/04,https://euteamsites.willistowerswatson.com/Sites/EclipseDM201804
http://eclipsedm.willis.com/2018/05,https://euteamsites.willistowerswatson.com/Sites/EclipseDM201805
http://eclipsedm.willis.com/2018/06,https://euteamsites.willistowerswatson.com/Sites/EclipseDM201806
http://eclipsedm.willis.com/2018/07,https://euteamsites.willistowerswatson.com/Sites/EclipseDM201807
http://eclipsedm.willis.com/2018/08,https://euteamsites.willistowerswatson.com/Sites/EclipseDM201808
http://eclipsedm.willis.com/2018/09,https://euteamsites.willistowerswatson.com/Sites/EclipseDM201809
http://eclipsedm.willis.com/2018/10,https://euteamsites.willistowerswatson.com/Sites/EclipseDM201810
http://eclipsedm.willis.com/2018/11,https://euteamsites.willistowerswatson.com/Sites/EclipseDM201811
http://eclipsedm.willis.com/2018/12,https://euteamsites.willistowerswatson.com/Sites/EclipseDM201812
http://eclipsedm.willis.com/2019/01,https://euteamsites.willistowerswatson.com/Sites/EclipseDM201901
http://eclipsedm.willis.com/2019/02,https://euteamsites.willistowerswatson.com/Sites/EclipseDM201902
http://eclipsedm.willis.com/2019/03,https://euteamsites.willistowerswatson.com/Sites/EclipseDM201903
http://eclipsedm.willis.com/2019/04,https://euteamsites.willistowerswatson.com/Sites/EclipseDM201904
http://eclipsedm.willis.com/2019/05,https://euteamsites.willistowerswatson.com/Sites/EclipseDM201905
http://eclipsedm.willis.com/2019/06,https://euteamsites.willistowerswatson.com/Sites/EclipseDM201906
http://eclipsedm.willis.com/2019/07,https://euteamsites.willistowerswatson.com/Sites/EclipseDM201907
http://eclipsedm.willis.com/2019/08,https://euteamsites.willistowerswatson.com/Sites/EclipseDM201908
http://eclipsedm.willis.com/2019/09,https://euteamsites.willistowerswatson.com/Sites/EclipseDM201909
http://eclipsedm.willis.com/2019/10,https://euteamsites.willistowerswatson.com/Sites/EclipseDM201910
http://eclipsedm.willis.com/2019/11,https://euteamsites.willistowerswatson.com/Sites/EclipseDM201911
http://eclipsedm.willis.com/2019/12,https://euteamsites.willistowerswatson.com/Sites/EclipseDM201912
http://eclipsedm.willis.com/2020/01,https://euteamsites.willistowerswatson.com/Sites/EclipseDM202001
http://eclipsedm.willis.com/2020/02,https://euteamsites.willistowerswatson.com/Sites/EclipseDM202002
http://eclipsedm.willis.com/2020/03,https://euteamsites.willistowerswatson.com/Sites/EclipseDM202003
http://eclipsedm.willis.com/2020/04,https://euteamsites.willistowerswatson.com/Sites/EclipseDM202004
http://eclipsedm.willis.com/2020/05,https://euteamsites.willistowerswatson.com/Sites/EclipseDM202005
http://eclipsedm.willis.com/2020/06,https://euteamsites.willistowerswatson.com/Sites/EclipseDM202006
http://eclipsedm.willis.com/2020/07,https://euteamsites.willistowerswatson.com/Sites/EclipseDM202007
http://eclipsedm.willis.com/2020/08,https://euteamsites.willistowerswatson.com/Sites/EclipseDM202008
http://eclipsedm.willis.com/2020/09,https://euteamsites.willistowerswatson.com/Sites/EclipseDM202009
http://eclipsedm.willis.com/2020/10,https://euteamsites.willistowerswatson.com/Sites/EclipseDM202010
http://eclipsedm.willis.com/2020/11,https://euteamsites.willistowerswatson.com/Sites/EclipseDM202011
http://eclipsedm.willis.com/2020/12,https://euteamsites.willistowerswatson.com/Sites/EclipseDM202012
